T0,T1,T2,T3,T4,T5
1748177626.3842928,1748177628.4465308,1748177632.5248082,1748177635.5721507,1748177639.6633863,1748177640.6820095
1748177641.7159898,1748177643.753039,1748177647.8343482,1748177650.8791404,1748177654.968977,1748177655.9837809
1748177656.9952364,1748177659.0278091,1748177663.1326556,1748177666.1927307,1748177670.291164,1748177671.3136988
1748177672.3276725,1748177674.3812852,1748177678.4683914,1748177681.5365689,1748177685.5886633,1748177686.6077483
1748177687.623327,1748177689.6617656,1748177693.7470112,1748177696.807259,1748177701.8893552,1748177701.911694
1748177702.9295466,1748177704.9608388,1748177709.0313966,1748177712.172274,1748177716.2366316,1748177717.2543504
1748177718.280751,1748177720.3290057,1748177724.4201465,1748177727.4763253,1748177731.5808735,1748177732.5931828
1748177733.6033685,1748177735.6475236,1748177739.7626555,1748177742.83318,1748177746.9212139,1748177747.9421508
1748177748.9688768,1748177751.0390446,1748177755.130254,1748177758.1849062,1748177762.2766545,1748177763.289367
1748177764.302803,1748177766.3412662,1748177770.444645,1748177773.5043538,1748177777.632829,1748177778.6956828
